<settings xmlns="http://maven.apache.org/SETTINGS/1.0.0" xmlns:xsi="http://www.w3.org/2001/XMLSchema-instance"
          xsi:schemaLocation="http://maven.apache.org/SETTINGS/1.0.0 http://maven.apache.org/xsd/settings-1.0.0.xsd">

  <profiles>
    <profile>
      <id>default-repo</id>
      <activation>
        <activeByDefault>true</activeByDefault>
      </activation>
      <repositories>
        <repository>
          <id>central</id>
          <url>http://localhost:8082/archiva/repository/all/</url>
        </repository>
      </repositories>
      <pluginRepositories>
        <pluginRepository>
          <id>central</id>
          <url>http://localhost:8082/archiva/repository/all/</url>
        </pluginRepository>
      </pluginRepositories>
    </profile>
  </profiles>

</settings>
