<settings xmlns="http://maven.apache.org/SETTINGS/1.0.0" xmlns:xsi="http://www.w3.org/2001/XMLSchema-instance"
          xsi:schemaLocation="http://maven.apache.org/SETTINGS/1.0.0 http://maven.apache.org/xsd/settings-1.0.0.xsd">

  <profiles>
    <profile>
      <id>properties</id>
      <activation>
        <activeByDefault>true</activeByDefault>
      </activation>
      <properties>
        <selenium.host>localhost</selenium.host>
        <sonar.host.url>http://localhost:8083/sonar</sonar.host.url>
        <sonar.jdbc.driverClassName>org.postgresql.Driver</sonar.jdbc.driverClassName>
        <sonar.jdbc.password>password</sonar.jdbc.password>
        <sonar.jdbc.url>jdbc:postgresql://localhost:5432/sonar</sonar.jdbc.url>
        <sonar.jdbc.username>user</sonar.jdbc.username>
      </properties>
    </profile>
  </profiles>

</settings>
