<?xml version="1.0" encoding="UTF-8"?>
<metadata modelVersion="1.1.0">
  <groupId>org.foo</groupId>
  <artifactId>hello</artifactId>
  <version>0.0.1-SNAPSHOT</version>
  <versioning>
    <snapshot>
      <timestamp>20131008.014634</timestamp>
      <buildNumber>1</buildNumber>
    </snapshot>
    <lastUpdated>20131008025235</lastUpdated>
    <snapshotVersions>
      <snapshotVersion>
        <extension>jar</extension>
        <value>0.0.1-20131008.014634-1</value>
        <updated>20131008025235</updated>
      </snapshotVersion>
      <snapshotVersion>
        <extension>pom</extension>
        <value>0.0.1-20131008.014634-1</value>
        <updated>20131008025235</updated>
      </snapshotVersion>
    </snapshotVersions>
  </versioning>
</metadata>
